New York City,New York
Los Angeles,California
San Francisco,California
Denver,Colorado
Philadelphia,Pennsylvania
District of Columbia,District of Columbia
Dallas,Texas
San Diego,California
Cook,Illinois
Suffolk,Massachusetts
King,Washington
Maricopa,Arizona
Bexar,Texas
Salt Lake,Utah
Santa Clara,California
Shelby,Tennessee
Davidson,Tennessee
Wayne,Michigan
Mecklenburg,North Carolina
Harris,Texas
Marion,Indiana
Miami-Dade,Florida
Milwaukee,Wisconsin
Multnomah,Oregon
Oklahoma,Oklahoma
Orleans,Louisiana
Clark,Nevada
Cuyahoga,Ohio
Fulton,Georgia
Allegheny,Pennsylvania
Honolulu,Hawaii
Wyandotte,Kansas
Pima,Arizona
Franklin,Ohio
Baltimore city,Maryland
St. Louis,Missouri
El Paso,Colorado